amino_acid,v_family,v_gene,v_allele,j_family,j_gene,j_allele
CAISESQDRGHEQYF,TCRBV10,TCRBV10-03,1,TCRBJ02,TCRBJ02-07,1
CASASANYGYTF,TCRBV12,NA,NA,TCRBJ01,TCRBJ01-02,1
CASGRDTYEQYF,TCRBV02,TCRBV02-01,1,TCRBJ02,TCRBJ02-07,1
CASMGGASYEQYF,TCRBV27,TCRBV27-01,1,TCRBJ02,TCRBJ02-07,1
CASNRDRGRYEQYF,TCRBV06,TCRBV06-01,1,TCRBJ02,TCRBJ02-07,1
CASRDRDRVNTEAFF,TCRBV06,TCRBV06-01,1,TCRBJ01,TCRBJ01-01,1
CASRDWDYTDTQYF,TCRBV02,TCRBV02-01,1,TCRBJ02,TCRBJ02-03,1
CASRGQGAGELFF,TCRBV02,TCRBV02-01,1,TCRBJ02,TCRBJ02-02,1
CASRGQGWDEKLFF,TCRBV06,TCRBV06-05,1,TCRBJ01,TCRBJ01-04,1
CASRPQGNYGYTF,TCRBV28,TCRBV28-01,1,TCRBJ01,TCRBJ01-02,1
CASRPTGYEQYF,TCRBV06,TCRBV06-01,1,TCRBJ02,TCRBJ02-07,1
CASRRGSSYEQYF,TCRBV28,TCRBV28-01,1,TCRBJ02,TCRBJ02-07,1
CASRSDSGANVLTF,TCRBV06,TCRBV06-04,NA,TCRBJ02,TCRBJ02-06,1
CASRTDSGANVLTF,TCRBV06,TCRBV06-04,NA,TCRBJ02,TCRBJ02-06,1
CASRTGESGYTF,TCRBV06,TCRBV06-05,1,TCRBJ01,TCRBJ01-02,1
CASSAGQGVTYEQYF,TCRBV09,TCRBV09-01,NA,TCRBJ02,TCRBJ02-07,1
CASSALGGAGTGELFF,TCRBV09,TCRBV09-01,NA,TCRBJ02,TCRBJ02-02,1
CASSAQGAYEQYF,TCRBV09,TCRBV09-01,NA,TCRBJ02,TCRBJ02-07,1
CASSDRGNTGELFF,TCRBV04,TCRBV04-01,1,TCRBJ02,TCRBJ02-02,1
CASSEAPSTSTDTQYF,TCRBV02,TCRBV02-01,1,TCRBJ02,TCRBJ02-03,1
CASSEARGGVEKLFF,TCRBV06,TCRBV06-01,1,TCRBJ01,TCRBJ01-04,1
CASSEARTRAFF,TCRBV06,TCRBV06-01,1,TCRBJ01,TCRBJ01-01,1
CASSEEAGGSGYTF,TCRBV06,TCRBV06-01,1,TCRBJ01,TCRBJ01-02,1
CASSEEGIQPQHF,TCRBV02,TCRBV02-01,1,TCRBJ01,TCRBJ01-05,1
CASSEGARQPQHF,TCRBV10,TCRBV10-02,1,TCRBJ01,TCRBJ01-05,1
CASSEIPNTEAFF,TCRBV06,TCRBV06-04,NA,TCRBJ01,TCRBJ01-01,1
CASSESGDPSSYEQYF,TCRBV10,TCRBV10-01,NA,TCRBJ02,TCRBJ02-07,1
CASSESGHRNQPQHF,TCRBV10,TCRBV10-02,1,TCRBJ01,TCRBJ01-05,1
CASSFHGFNQPQHF,TCRBV05,TCRBV05-06,1,TCRBJ01,TCRBJ01-05,1
CASSFPGGETQYF,TCRBV11,TCRBV11-01,1,TCRBJ02,TCRBJ02-05,1
CASSFPTSGQETQYF,TCRBV07,TCRBV07-09,NA,TCRBJ02,TCRBJ02-05,1
CASSGDRLYEQYF,TCRBV02,TCRBV02-01,1,TCRBJ02,TCRBJ02-07,1
CASSGLNEQFF,TCRBV06,TCRBV06-01,1,TCRBJ02,TCRBJ02-01,1
CASSGQGAYEQYF,TCRBV09,TCRBV09-01,NA,TCRBJ02,TCRBJ02-07,1
CASSHRDRNYEQYF,TCRBV07,TCRBV07-09,NA,TCRBJ02,TCRBJ02-07,1
CASSIEGNQPQHF,TCRBV28,TCRBV28-01,1,TCRBJ01,TCRBJ01-05,1
CASSIGPLEHNEQFF,TCRBV19,TCRBV19-01,NA,TCRBJ02,TCRBJ02-01,1
CASSIQGYSNQPQHF,TCRBV05,TCRBV05-08,1,TCRBJ01,TCRBJ01-05,1
CASSIRTNYYGYTF,TCRBV19,TCRBV19-01,NA,TCRBJ01,TCRBJ01-02,1
CASSISAGEAFF,TCRBV19,TCRBV19-01,NA,TCRBJ01,TCRBJ01-01,1
CASSIWGLDTEAFF,TCRBV19,TCRBV19-01,NA,TCRBJ01,TCRBJ01-01,1
CASSLAGVDYEQYF,TCRBV07,TCRBV07-09,NA,TCRBJ02,TCRBJ02-07,1
CASSLAPGATNEKLFF,TCRBV07,TCRBV07-06,1,TCRBJ01,TCRBJ01-04,1
CASSLAVLPTDTQYF,TCRBV07,TCRBV07-09,NA,TCRBJ02,TCRBJ02-03,1
CASSLEAENEQFF,TCRBV07,TCRBV07-02,1,TCRBJ02,TCRBJ02-01,1
CASSLEAEYEQYF,TCRBV07,TCRBV07-02,1,TCRBJ02,TCRBJ02-07,1
CASSLEGQGFGYTF,TCRBV05,TCRBV05-01,1,TCRBJ01,TCRBJ01-02,1
CASSLEGQQPQHF,TCRBV28,TCRBV28-01,1,TCRBJ01,TCRBJ01-05,1
CASSLETYGYTF,TCRBV05,TCRBV05-06,1,TCRBJ01,TCRBJ01-02,1
CASSLGAGNQPQHF,TCRBV28,TCRBV28-01,1,TCRBJ01,TCRBJ01-05,1
CASSLGASGSRTDTQYF,TCRBV07,TCRBV07-09,NA,TCRBJ02,TCRBJ02-03,1
CASSLGDRAYNEQFF,TCRBV05,TCRBV05-06,1,TCRBJ02,TCRBJ02-01,1
CASSLGDRPDTQYF,TCRBV11,TCRBV11-02,2,TCRBJ02,TCRBJ02-03,1
CASSLGGAGDTQYF,TCRBV12,NA,NA,TCRBJ02,TCRBJ02-03,1
CASSLGGPGDTQYF,TCRBV12,NA,NA,TCRBJ02,TCRBJ02-03,1
CASSLGHRDPNTGELFF,TCRBV05,TCRBV05-01,1,TCRBJ02,TCRBJ02-02,1
CASSLGHRDSSYEQYF,TCRBV05,TCRBV05-01,1,TCRBJ02,TCRBJ02-07,1
CASSLGIDTQYF,TCRBV05,TCRBV05-04,1,TCRBJ02,TCRBJ02-03,1
CASSLGLKGTQYF,TCRBV12,NA,NA,TCRBJ02,TCRBJ02-05,1
CASSLGQGLAEAFF,TCRBV05,TCRBV05-01,1,TCRBJ01,TCRBJ01-01,1
CASSLGRGYEKLFF,TCRBV05,TCRBV05-06,1,TCRBJ01,TCRBJ01-04,1
CASSLGVGPYNEQFF,TCRBV07,TCRBV07-02,1,TCRBJ02,TCRBJ02-01,1
CASSLGWTEAFF,TCRBV05,TCRBV05-01,1,TCRBJ01,TCRBJ01-01,1
CASSLIGVSSYNEQFF,TCRBV07,TCRBV07-09,NA,TCRBJ02,TCRBJ02-01,1
CASSLLWDQPQHF,TCRBV05,TCRBV05-05,1,TCRBJ01,TCRBJ01-05,1
CASSLNRGQETQYF,TCRBV14,TCRBV14-01,1,TCRBJ02,TCRBJ02-05,1
CASSLPSGLTDTQYF,TCRBV28,TCRBV28-01,1,TCRBJ02,TCRBJ02-03,1
CASSLQAGANEQFF,TCRBV07,TCRBV07-02,1,TCRBJ02,TCRBJ02-01,1
CASSLQGADTQYF,TCRBV07,TCRBV07-08,1,TCRBJ02,TCRBJ02-03,1
CASSLQGINQPQHF,TCRBV05,TCRBV05-06,1,TCRBJ01,TCRBJ01-05,1
CASSLQGYSNQPQHF,TCRBV05,TCRBV05-08,1,TCRBJ01,TCRBJ01-05,1
CASSLRGSSYNEQFF,TCRBV05,TCRBV05-08,1,TCRBJ02,TCRBJ02-01,1
CASSLRREKLFF,TCRBV05,TCRBV05-06,1,TCRBJ01,TCRBJ01-04,1
CASSLTDTGELFF,TCRBV11,TCRBV11-02,2,TCRBJ02,TCRBJ02-02,1
CASSLTGGNSGNTIYF,TCRBV07,TCRBV07-02,1,TCRBJ01,TCRBJ01-03,1
CASSLTGGRNQPQHF,TCRBV12,NA,NA,TCRBJ01,TCRBJ01-05,1
CASSLVAAGRETQYF,TCRBV05,TCRBV05-06,1,TCRBJ02,TCRBJ02-05,1
CASSLVAGGRETQYF,TCRBV05,TCRBV05-06,1,TCRBJ02,TCRBJ02-05,1
CASSLVASGRETQYF,TCRBV05,TCRBV05-06,1,TCRBJ02,TCRBJ02-05,1
CASSLVGDGYTF,TCRBV07,TCRBV07-08,1,TCRBJ01,TCRBJ01-02,1
CASSLVIGGDTEAFF,TCRBV05,TCRBV05-01,1,TCRBJ01,TCRBJ01-01,1
CASSPAGLNTEAFF,TCRBV19,TCRBV19-01,NA,TCRBJ01,TCRBJ01-01,1
CASSPDRVGQETQYF,TCRBV05,TCRBV05-01,1,TCRBJ02,TCRBJ02-05,1
CASSPGDEQFF,TCRBV25,TCRBV25-01,1,TCRBJ02,TCRBJ02-01,1
CASSPGDEQYF,TCRBV25,TCRBV25-01,1,TCRBJ02,TCRBJ02-07,1
CASSPGGTQYF,TCRBV12,NA,NA,TCRBJ02,TCRBJ02-05,1
CASSPGQEAGANVLTF,TCRBV05,TCRBV05-01,1,TCRBJ02,TCRBJ02-06,1
CASSPGSGANVLTF,TCRBV19,TCRBV19-01,NA,TCRBJ02,TCRBJ02-06,1
CASSPHRNTEAFF,TCRBV04,TCRBV04-03,1,TCRBJ01,TCRBJ01-01,1
CASSPISNEQFF,TCRBV28,TCRBV28-01,1,TCRBJ02,TCRBJ02-01,1
CASSPLGGTTEAFF,TCRBV18,TCRBV18-01,1,TCRBJ01,TCRBJ01-01,1
CASSPLSDTQYF,TCRBV07,TCRBV07-09,NA,TCRBJ02,TCRBJ02-03,1
CASSPNQETQYF,TCRBV05,TCRBV05-04,1,TCRBJ02,TCRBJ02-05,1
CASSPPAGTNYGYTF,TCRBV18,TCRBV18-01,1,TCRBJ01,TCRBJ01-02,1
CASSPPGQGSDTQYF,TCRBV18,TCRBV18-01,1,TCRBJ02,TCRBJ02-03,1
CASSPPSGLTDTQYF,TCRBV28,TCRBV28-01,1,TCRBJ02,TCRBJ02-03,1
CASSPQRNTEAFF,TCRBV04,TCRBV04-03,1,TCRBJ01,TCRBJ01-01,1
CASSPRTGYEQYF,TCRBV07,TCRBV07-02,1,TCRBJ02,TCRBJ02-07,1
CASSPRWQETQYF,TCRBV27,TCRBV27-01,1,TCRBJ02,TCRBJ02-05,1
CASSPSRNTEAFF,TCRBV04,TCRBV04-03,1,TCRBJ01,TCRBJ01-01,1
CASSPSTGTEAFF,TCRBV05,TCRBV05-06,1,TCRBJ01,TCRBJ01-01,1
CASSPTGGELFF,TCRBV18,TCRBV18-01,1,TCRBJ02,TCRBJ02-02,1
CASSQDPRGTEAFF,TCRBV03,NA,NA,TCRBJ01,TCRBJ01-01,1
CASSQGLQETQYF,TCRBV03,NA,NA,TCRBJ02,TCRBJ02-05,1
CASSQGRHTDTQYF,TCRBV14,TCRBV14-01,1,TCRBJ02,TCRBJ02-03,1
CASSQNRAQETQYF,TCRBV14,TCRBV14-01,1,TCRBJ02,TCRBJ02-05,1
CASSQNRGQETQYF,TCRBV14,TCRBV14-01,1,TCRBJ02,TCRBJ02-05,1
CASSQTGGRNQPQHF,TCRBV12,NA,NA,TCRBJ01,TCRBJ01-05,1
CASSQVETDTQYF,TCRBV03,NA,NA,TCRBJ02,TCRBJ02-03,1
CASSQVPGQGDNEQFF,TCRBV14,TCRBV14-01,1,TCRBJ02,TCRBJ02-01,1
CASSRDRNYGYTF,TCRBV06,TCRBV06-04,NA,TCRBJ01,TCRBJ01-02,1
CASSRGRQETQYF,TCRBV07,TCRBV07-06,1,TCRBJ02,TCRBJ02-05,1
CASSRGTGATDTQYF,TCRBV19,TCRBV19-01,NA,TCRBJ02,TCRBJ02-03,1
CASSRLAASTDTQYF,TCRBV07,TCRBV07-03,1,TCRBJ02,TCRBJ02-03,1
CASSRLAGGTDTQYF,TCRBV07,TCRBV07-03,1,TCRBJ02,TCRBJ02-03,1
CASSRNRAQETQYF,TCRBV14,TCRBV14-01,1,TCRBJ02,TCRBJ02-05,1
CASSRNRESNQPQHF,TCRBV06,TCRBV06-05,1,TCRBJ01,TCRBJ01-05,1
CASSRNRGQETQYF,TCRBV14,TCRBV14-01,1,TCRBJ02,TCRBJ02-05,1
CASSRPGQGNTEAFF,TCRBV12,NA,NA,TCRBJ01,TCRBJ01-01,1
CASSSDRVGQETQYF,TCRBV05,TCRBV05-01,1,TCRBJ02,TCRBJ02-05,1
CASSSDSGGTDTQYF,TCRBV07,TCRBV07-03,1,TCRBJ02,TCRBJ02-03,1
CASSSGQVQETQYF,TCRBV11,TCRBV11-02,2,TCRBJ02,TCRBJ02-05,1
CASSSGQVYGYTF,TCRBV05,TCRBV05-06,1,TCRBJ01,TCRBJ01-02,1
CASSSGTGDEQYF,TCRBV05,TCRBV05-01,1,TCRBJ02,TCRBJ02-07,1
CASSSPGRSGANVLTF,TCRBV28,TCRBV28-01,1,TCRBJ02,TCRBJ02-06,1
CASSSRGTGELFF,TCRBV28,TCRBV28-01,1,TCRBJ02,TCRBJ02-02,1
CASSSRTGEETQYF,TCRBV11,TCRBV11-03,1,TCRBJ02,TCRBJ02-05,1
CASSTGGAQPQHF,TCRBV19,TCRBV19-01,NA,TCRBJ01,TCRBJ01-05,1
CASSTGTSGSYEQYF,TCRBV06,TCRBV06-01,1,TCRBJ02,TCRBJ02-07,1
CASSTSGNTIYF,TCRBV06,TCRBV06-05,1,TCRBJ01,TCRBJ01-03,1
CASSTTGGDGYTF,TCRBV19,TCRBV19-01,NA,TCRBJ01,TCRBJ01-02,1
CASSVDGGRGTEAFF,TCRBV09,TCRBV09-01,NA,TCRBJ01,TCRBJ01-01,1
CASSVETGGTEAFF,TCRBV02,TCRBV02-01,1,TCRBJ01,TCRBJ01-01,1
CASSVLAGPTDTQYF,TCRBV09,TCRBV09-01,NA,TCRBJ02,TCRBJ02-03,1
CASSVTGGTDTQYF,TCRBV09,TCRBV09-01,NA,TCRBJ02,TCRBJ02-03,1
CASSWDRDNSPLHF,TCRBV25,TCRBV25-01,1,TCRBJ01,TCRBJ01-06,1
CASSWDRGTEAFF,TCRBV06,TCRBV06-05,1,TCRBJ01,TCRBJ01-01,1
CASSYAGDGYTF,TCRBV06,TCRBV06-05,1,TCRBJ01,TCRBJ01-02,1
CASSYGGEGYTF,TCRBV06,TCRBV06-05,1,TCRBJ01,TCRBJ01-02,1
CASSYGGLGSYEQYF,TCRBV06,TCRBV06-05,1,TCRBJ02,TCRBJ02-07,1
CASSYNPYSNQPQHF,TCRBV06,TCRBV06-06,NA,TCRBJ01,TCRBJ01-05,1
CASSYPGETQYF,TCRBV06,TCRBV06-06,NA,TCRBJ02,TCRBJ02-05,1
CASSYVRTGGNYGYTF,TCRBV06,TCRBV06-05,1,TCRBJ01,TCRBJ01-02,1
CASTPGDEQFF,TCRBV25,TCRBV25-01,1,TCRBJ02,TCRBJ02-01,1
CATSDGDEQFF,TCRBV24,NA,NA,TCRBJ02,TCRBJ02-01,1
CATSDGDTQYF,TCRBV24,NA,NA,TCRBJ02,TCRBJ02-03,1
CATSDGETQYF,TCRBV24,NA,NA,TCRBJ02,TCRBJ02-05,1
CATSDSRTGGQETQYF,TCRBV24,NA,NA,TCRBJ02,TCRBJ02-05,1
CATSDSVTNTGELFF,TCRBV24,NA,NA,TCRBJ02,TCRBJ02-02,1
CATSRDSQGSYGYTF,TCRBV15,TCRBV15-01,1,TCRBJ01,TCRBJ01-02,1
CATSRDTQGSYGYTF,TCRBV15,TCRBV15-01,1,TCRBJ01,TCRBJ01-02,1
CATSREGSGYEQYF,TCRBV15,TCRBV15-01,1,TCRBJ02,TCRBJ02-07,1
CATSRGTVSYEQYF,TCRBV15,TCRBV15-01,1,TCRBJ02,TCRBJ02-07,1
CATSRVAGETQYF,TCRBV15,TCRBV15-01,1,TCRBJ02,TCRBJ02-05,1
CAWRGTGNSPLHF,TCRBV30,TCRBV30-01,1,TCRBJ01,TCRBJ01-06,1
CAWSVSDLAKNIQYF,TCRBV30,TCRBV30-01,1,TCRBJ02,TCRBJ02-04,1
CSALGHSNQPQHF,TCRBV20,NA,NA,TCRBJ01,TCRBJ01-05,1
CSARRGPGELFF,TCRBV20,NA,NA,TCRBJ02,TCRBJ02-02,1
CSASDHEQYF,TCRBV20,TCRBV20-01,1,TCRBJ02,TCRBJ02-07,1
CSASPGQGASYGYTF,TCRBV20,NA,NA,TCRBJ01,TCRBJ01-02,1
CSVEEDEGIYGYTF,TCRBV29,TCRBV29-01,1,TCRBJ01,TCRBJ01-02,1
CSVEVRGTDTQYF,TCRBV29,TCRBV29-01,1,TCRBJ02,TCRBJ02-03,1
CSVRDNFNQPQHF,TCRBV29,TCRBV29-01,1,TCRBJ01,TCRBJ01-05,1
CSVRDNHNQPQHF,TCRBV29,TCRBV29-01,1,TCRBJ01,TCRBJ01-05,1
CSVRDNYNQPQHF,TCRBV29,TCRBV29-01,1,TCRBJ01,TCRBJ01-05,1
NA,TCRBV17,TCRBV17-01,1,TCRBJ02,TCRBJ02-02,1
